task,model,step,n_seeds,accuracy_mean,accuracy_sd,loss_mean,token_accuracy_mean
addition,RLT 4+4,0,1,0,,5.455643035471439,0.03628389154704944
addition,RLT 4+4,100,1,0.00390625,,1.252234166371636,0.5342902711323764
addition,RLT 4+4,200,1,0.06640625,,0.7517879383449326,0.715311004784689
addition,RLT 4+4,300,1,0.9296875,,0.02385553805976315,0.9920255183413078
addition,RLT 4+4,400,1,0.9453125,,0.01407450463526061,0.9944178628389154
addition,RLT 4+4,500,1,0.94140625,,0.04060164501292718,0.9940191387559809
addition,RLT 4+4,600,1,0.99609375,,0.0017107151410158394,0.9996012759170654
addition,RLT 4+4,700,1,0.9765625,,0.0037607263812908798,0.9976076555023924
addition,RLT 4+4,800,1,1,,0.0007706869075221334,1
addition,RLT 4+4,900,1,0.9921875,,0.002873471915108894,0.9992025518341308
addition,RLT 4+4,1000,1,1,,0.000365606482658265,1
addition,RLT 5+3,0,1,0,,5.856698242947459,0.019537480063795853
addition,RLT 5+3,100,1,0,,1.2304091656114906,0.5418660287081339
addition,RLT 5+3,200,1,0.0234375,,0.7709360313601792,0.6961722488038278
addition,RLT 5+3,300,1,0.88671875,,0.028861660562228053,0.9876395534290271
addition,RLT 5+3,400,1,0.99609375,,0.003081445846873976,0.9996012759170654
addition,RLT 5+3,500,1,0.98046875,,0.007165693165141818,0.998006379585327
addition,RLT 5+3,600,1,0.98046875,,0.006193008798714317,0.998006379585327
addition,RLT 5+3,700,1,1,,0.0005577451375806675,1
addition,RLT 5+3,800,1,1,,0.00045125272913715264,1
addition,RLT 5+3,900,1,1,,0.00013094286147374845,1
addition,RLT 5+3,1000,1,0.984375,,0.006930571068076041,0.9984051036682615
addition,RLT 5+3,1100,1,1,,4.1660337540605497e-05,1
addition,RLT 5+3,1200,1,1,,1.5513223864171977e-05,1
addition,RLT 6+2,0,1,0,,6.302897172048688,0.007575757575757576
addition,RLT 6+2,100,1,0.01171875,,1.2033928383607417,0.55103668261563
addition,RLT 6+2,200,1,0.046875,,0.7420919508222141,0.7129186602870813
addition,RLT 6+2,300,1,0.85546875,,0.046207839924875316,0.9840510366826156
addition,RLT 6+2,400,1,0.98046875,,0.0070307195477994355,0.998006379585327
addition,RLT 6+2,500,1,0.984375,,0.0037719575908425895,0.9984051036682615
addition,RLT 6+2,600,1,0.99609375,,0.0004891547026346643,0.9996012759170654
addition,RLT 6+2,700,1,0.9921875,,0.0031354433742194487,0.9992025518341308
addition,RLT 6+2,800,1,0.9921875,,0.003094389372680695,0.9992025518341308
addition,RLT 6+2,900,1,0.9921875,,0.0033727732633099805,0.9992025518341308
addition,RLT 6+2,1000,1,1,,0.00020957216500150366,1
addition,RLT 6+2,1100,1,1,,0.00010103766531521785,1
addition,RLT 6+2,1200,1,1,,4.309099166999175e-05,1
addition,RLT 6+2,1300,1,1,,4.091787127302737e-05,1
addition,RLT 6+2,1400,1,1,,0.00043826014837522465,1
addition,RLT 6+2,1500,1,1,,2.46183890106888e-05,1
addition,RLT 6+2,1600,1,1,,2.207390032649137e-06,1
addition,RLT 7+1,0,1,0,,6.046217784285545,0.01674641148325359
addition,RLT 7+1,100,1,0.00390625,,1.3266741207335144,0.5043859649122807
addition,RLT 7+1,200,1,0.0703125,,0.740537804143969,0.7141148325358851
addition,RLT 7+1,300,1,0.88671875,,0.031125958388315667,0.9876395534290271
addition,RLT 7+1,400,1,0.9765625,,0.008918771618610322,0.9976076555023924
addition,RLT 7+1,500,1,0.9765625,,0.0075406034580680625,0.9976076555023924
addition,RLT 7+1,600,1,0.984375,,0.006236921015934982,0.9984051036682615
addition,RLT 7+1,700,1,0.99609375,,0.0017343288257585243,0.9996012759170654
addition,RLT 7+1,800,1,1,,8.844001780783373e-05,1
addition,RLT 7+1,900,1,1,,0.00032055025025812256,1
addition,RLT 7+1,1000,1,1,,3.971800515589763e-05,1
addition,RLT 7+1,1100,1,0.99609375,,0.0006235393677180845,0.9996012759170654
addition,RLT 7+1,1200,1,1,,2.8142393353469686e-06,1
addition,RLT 7+1,1300,1,1,,6.719392444676231e-07,1
addition,RLT 7+1,1400,1,1,,1.97311729177585e-07,1
addition,RLT 7+1,1500,1,1,,6.187853744329952e-08,1
addition,RLT 7+1,1600,1,1,,2.1934562062508878e-08,1
addition,RLT 7+1,1700,1,1,,1.2392052561177591e-08,1
addition,RLT 7+1,1800,1,1,,9.397373722935809e-09,1
addition,RLT 7+1,1900,1,1,,7.946331603142509e-09,1
addition,RLT 7+1,2000,1,1,,7.143934329517654e-09,1
addition,RLT 8+0,0,1,0,,5.993901142850518,0.024322169059011165
addition,RLT 8+0,100,1,0.00390625,,1.1909285001456738,0.5474481658692185
addition,RLT 8+0,200,1,0.09375,,0.7073584439076512,0.717304625199362
addition,RLT 8+0,300,1,0.82421875,,0.05069019716290768,0.9800637958532695
addition,RLT 8+0,400,1,0.98828125,,0.0057236072796484905,0.9988038277511961
addition,RLT 8+0,500,1,0.9921875,,0.0049661679410846205,0.9992025518341308
addition,RLT 8+0,600,1,0.9921875,,0.0009824730092944378,0.9992025518341308
addition,RLT 8+0,700,1,0.98828125,,0.006425606904915782,0.9988038277511961
addition,RLT 8+0,800,1,0.9921875,,0.0009250575249213355,0.9992025518341308
addition,RLT 8+0,900,1,1,,0.00019817434290736458,1
addition,RLT 8+0,1000,1,1,,2.398407752668419e-05,1
addition,RLT 8+0,1100,1,1,,2.781755939240682e-05,1
addition,RLT 8+0,1200,1,1,,1.0484915510478032e-05,1
addition,RLT 8+0,1300,1,1,,9.470095833741254e-06,1
addition,RLT 8+0,1400,1,1,,2.829170058449293e-06,1
addition,RLT 8+0,1500,1,1,,8.783869346884465e-07,1
addition,RLT 8+0,1600,1,1,,1.6354010188845969e-06,1
addition,RLT 8+0,1700,1,1,,6.009259900796593e-07,1
addition,RLT 8+0,1800,1,1,,3.1663803551351677e-07,1
addition,RLT 8+0,1900,1,1,,1.7682010347574995e-07,1
addition,RLT 8+0,2000,1,1,,1.1084312213915926e-07,1
addition,Transformer 8,0,1,0,,6.2491523660719395,0.054625199362041466
addition,Transformer 8,100,1,0,,1.1110545337432995,0.5757575757575758
addition,Transformer 8,200,1,0.09765625,,0.6465937020366255,0.7460127591706539
addition,Transformer 8,300,1,0.92578125,,0.0313675002976197,0.9912280701754386
addition,Transformer 8,400,1,0.94921875,,0.021102791228628348,0.99481658692185
addition,Transformer 8,500,1,0.9921875,,0.006113581298336612,0.9992025518341308
addition,Transformer 8,600,1,1,,0.0009765677177142607,1
addition,Transformer 8,700,1,0.9921875,,0.003184661686232104,0.9992025518341308
addition,Transformer 8,800,1,0.99609375,,0.001968597706845543,0.9996012759170654
addition,Transformer 8,900,1,0.96875,,0.010419903434806699,0.9968102073365231
addition,Transformer 8,1000,1,1,,0.0002010622322599076,1
addition,Transformer 8,1100,1,0.99609375,,0.002049849517954172,0.9996012759170654
addition,Transformer 8,1200,1,0.99609375,,0.0011437440866819415,0.9996012759170654
addition,Transformer 8,1300,1,1,,9.806943802592727e-05,1
addition,Transformer 8,1400,1,1,,1.958802972712448e-05,1
addition,Transformer 8,1500,1,1,,1.5990242222541085e-05,1
addition,Transformer 8,1600,1,1,,3.365739093597053e-05,1
addition,Transformer 8,1700,1,1,,2.2372767609635247e-06,1
addition,Transformer 8,1800,1,1,,9.55913096678529e-07,1
addition,Transformer 8,1900,1,1,,4.2906559044597614e-07,1
addition,Transformer 8,2000,1,1,,2.2206838443117327e-07,1
parity,RLT 4+4,100,3,0.4934895833333333,0.022552744890219755,0.7193558965680292,0.4934895833333333
parity,RLT 4+4,200,3,0.5008680555555556,0.0195890348895777,0.7077315866869565,0.5008680555555556
parity,RLT 4+4,300,3,0.6749131944444444,0.268002575880401,0.508185932802533,0.6749131944444444
parity,RLT 4+4,400,3,0.6536458333333334,0.29995150703992274,0.4757077551265876,0.6536458333333334
parity,RLT 4+4,500,3,0.8328993055555556,0.2894268927578202,0.23507606487777036,0.8328993055555556
parity,RLT 5+3,100,3,0.4934895833333333,0.022552744890219755,0.7431111140047304,0.4934895833333333
parity,RLT 5+3,200,3,0.4848090277777778,0.007517581630073242,0.6980661139306095,0.4848090277777778
parity,RLT 5+3,300,3,0.4930555555555555,0.02180098672721241,0.7113124979142513,0.4930555555555555
parity,RLT 5+3,400,3,0.6506076388888888,0.30263938735314744,0.46553301274861025,0.6506076388888888
parity,RLT 5+3,500,3,0.8350694444444444,0.2800488351691036,0.2457997671413572,0.8350694444444444
parity,RLT 5+3,600,3,0.6666666666666666,0.2893351051288036,0.471492795771748,0.6666666666666666
parity,RLT 5+3,700,3,0.83984375,0.277398762149703,0.23118027078931325,0.83984375
parity,RLT 6+2,100,3,0.4891493055555555,0.015035163260146483,0.7017538276138819,0.4891493055555555
parity,RLT 6+2,200,3,0.4934895833333333,0.022552744890219755,0.7203370309564182,0.4934895833333333
parity,RLT 6+2,300,3,0.6649305555555556,0.29102169355778,0.46404935721972157,0.6649305555555556
parity,RLT 6+2,400,3,0.8250868055555556,0.29845935208198243,0.24224448731774237,0.8250868055555556
parity,RLT 6+2,500,3,0.9943576388888888,0.00977285611909525,0.03876614808520035,0.9943576388888888
parity,RLT 6+2,600,3,1,0.0,0.00020874016546680737,1
parity,RLT 6+2,700,3,1,0.0,3.397705368643786e-06,1
parity,RLT 6+2,800,3,1,0.0,4.055907176935146e-07,1
parity,RLT 6+2,900,3,1,0.0,4.760092769025744e-08,1
parity,RLT 7+1,100,3,0.48046875,0.0,0.8001923676088659,0.48046875
parity,RLT 7+1,200,3,0.51953125,0.0,0.6932108047056116,0.51953125
parity,RLT 7+1,300,3,0.5082465277777778,0.024196805320774933,0.7071150855885612,0.5082465277777778
parity,RLT 7+1,400,3,0.6471354166666666,0.264255558946312,0.5531793957527892,0.6471354166666666
parity,RLT 7+1,500,3,0.8276909722222222,0.2984479907139081,0.23994914869691078,0.8276909722222222
parity,RLT 7+1,600,3,1,0.0,0.0003419775539701162,1
parity,RLT 7+1,700,3,1,0.0,6.852441335821376e-06,1
parity,RLT 7+1,800,3,1,0.0,4.0031311974843117e-07,1
parity,RLT 7+1,900,3,1,0.0,3.879855804777812e-05,1
parity,RLT 7+1,1000,3,1,0.0,2.8672017323952105e-06,1
parity,RLT 7+1,1100,3,1,0.0,1.9381848800286643e-07,1
parity,RLT 7+1,1200,3,1,0.0,2.3748723697468595e-08,1
parity,RLT 7+1,1300,3,1,0.0,5.691415055291632e-10,1
parity,RLT 8+0,100,3,0.48046875,0.0,0.7116525799501687,0.48046875
parity,RLT 8+0,200,3,0.4934895833333333,0.022552744890219755,0.7016986862808052,0.4934895833333333
parity,RLT 8+0,300,3,0.5052083333333334,0.012421083351783147,0.7055708846568854,0.5052083333333334
parity,RLT 8+0,400,3,0.5108506944444444,0.021955971996426637,0.6992320310738351,0.5108506944444444
parity,RLT 8+0,500,3,0.4869791666666667,0.026009094212810127,0.6969852779422783,0.4869791666666667
parity,RLT 8+0,600,3,0.4973958333333333,0.019180885237833623,0.6943182536082936,0.4973958333333333
parity,RLT 8+0,700,3,0.5186631944444444,0.001503516326014629,0.6938994636509759,0.5186631944444444
parity,RLT 8+0,800,3,0.5381944444444444,0.11163292319641777,0.6594349899043976,0.5381944444444444
parity,RLT 8+0,900,3,0.6705729166666666,0.27296586309132953,0.4764710799334174,0.6705729166666666
parity,RLT 8+0,1000,3,0.6870659722222222,0.27142217804388363,0.4494438020168874,0.6870659722222222
parity,RLT 8+0,1100,3,0.7721354166666666,0.23464611055911588,0.3689897700013361,0.7721354166666666
parity,RLT 8+0,1200,3,0.857204861111111,0.22276409628257557,0.29988346684390965,0.857204861111111
parity,RLT 8+0,1300,3,0.8203125,0.3022516592811269,0.32281457429895066,0.8203125
parity,RLT 8+0,1400,3,0.8797743055555556,0.1959639021545226,0.1923077511639971,0.8797743055555556
parity,RLT 8+0,1500,3,0.915798611111111,0.14135452489105516,0.13524159890585377,0.915798611111111
parity,Transformer 8,100,3,0.4813368055555556,0.0015035163260146611,0.7147146795307182,0.4813368055555556
parity,Transformer 8,200,3,0.4878472222222222,0.012779888771124508,0.7253070573141385,0.4878472222222222
parity,Transformer 8,300,3,0.5060763888888888,0.022186419998493145,0.6941661821523061,0.5060763888888888
parity,Transformer 8,400,3,0.4835069444444444,0.0054210052069430395,0.7054608254952149,0.4835069444444444
parity,Transformer 8,500,3,0.4848090277777778,0.005262307141051298,0.6998071506645324,0.4848090277777778
parity,Transformer 8,600,3,0.5203993055555556,0.002710502603471542,0.7187472075430479,0.5203993055555556
parity,Transformer 8,700,3,0.4895833333333333,0.029433996238170074,0.6956054157948175,0.4895833333333333
parity,Transformer 8,800,3,0.5030381944444444,0.01209840266038748,0.6981165366506824,0.5030381944444444
parity,Transformer 8,900,3,0.5221354166666666,0.024114920803974104,0.6876139558831618,0.5221354166666666
parity,Transformer 8,1000,3,0.5473090277777778,0.07142889436517606,0.6641953397486746,0.5473090277777778
parity,Transformer 8,1100,3,0.5885416666666666,0.059426946391895996,0.6320028653772966,0.5885416666666666
parity,Transformer 8,1200,3,0.646267361111111,0.07978205061544293,0.5540891041825742,0.646267361111111
parity,Transformer 8,1300,3,0.6948784722222222,0.07779153369178661,0.4720961338982456,0.6948784722222222
parity,Transformer 8,1400,3,0.7725694444444444,0.10163203193206956,0.38167039376011547,0.7725694444444444
parity,Transformer 8,1500,3,0.802517361111111,0.10054185786894147,0.30377089520364287,0.802517361111111
parity,Transformer 8,1600,3,0.8385416666666666,0.05571638774826733,0.3035477953644743,0.8385416666666666
parity,Transformer 8,1700,3,0.9071180555555556,0.061987007848998146,0.17135932682743243,0.9071180555555556
parity,Transformer 8,1800,3,0.9309895833333334,0.03544442080420885,0.14608754921654538,0.9309895833333334
parity,Transformer 8,1900,3,0.9435763888888888,0.03484948466344763,0.11225751719382364,0.9435763888888888
parity,Transformer 8,2000,3,0.9483506944444444,0.03426071331921165,0.10022703772682695,0.9483506944444444
modular_arithmetic,RLT 4+4,100,1,0.20572916666666666,,1.6377485405343275,0.20572916666666666
modular_arithmetic,RLT 4+4,200,1,0.22395833333333334,,1.6247368901968002,0.22395833333333334
modular_arithmetic,RLT 4+4,300,1,0.20963541666666666,,1.6312730604161818,0.20963541666666666
modular_arithmetic,RLT 4+4,400,1,0.17578125,,1.6196027320499222,0.17578125
modular_arithmetic,RLT 4+4,500,1,0.21744791666666666,,1.6241972773956757,0.21744791666666666
modular_arithmetic,RLT 4+4,600,1,0.18489583333333334,,1.6197429282280307,0.18489583333333334
modular_arithmetic,RLT 4+4,700,1,0.17708333333333334,,1.617860964499414,0.17708333333333334
modular_arithmetic,RLT 4+4,800,1,0.22395833333333334,,1.6040758001618087,0.22395833333333334
modular_arithmetic,RLT 5+3,100,1,0.21875,,1.6864206735044718,0.21875
modular_arithmetic,RLT 5+3,200,1,0.19140625,,1.6149908212634425,0.19140625
modular_arithmetic,RLT 5+3,300,1,0.18098958333333334,,1.6588545124977827,0.18098958333333334
modular_arithmetic,RLT 5+3,400,1,0.18359375,,1.619077462547769,0.18359375
modular_arithmetic,RLT 5+3,500,1,0.19140625,,1.6406518948885302,0.19140625
modular_arithmetic,RLT 5+3,600,1,0.19140625,,1.6111524036775033,0.19140625
modular_arithmetic,RLT 5+3,700,1,0.1796875,,1.6170716473522286,0.1796875
modular_arithmetic,RLT 5+3,800,1,0.21744791666666666,,1.6119780169489484,0.21744791666666666
modular_arithmetic,RLT 5+3,900,1,0.19401041666666666,,1.6134497504681349,0.19401041666666666
modular_arithmetic,RLT 5+3,1000,1,0.2109375,,1.6006074068912615,0.2109375
modular_arithmetic,RLT 6+2,100,1,0.19661458333333334,,1.636323949166884,0.19661458333333334
modular_arithmetic,RLT 6+2,200,1,0.171875,,1.6362721874999504,0.171875
modular_arithmetic,RLT 6+2,300,1,0.19791666666666666,,1.6323807840235531,0.19791666666666666
modular_arithmetic,RLT 6+2,400,1,0.17838541666666666,,1.6276340535841882,0.17838541666666666
modular_arithmetic,RLT 6+2,500,1,0.1953125,,1.631832519856592,0.1953125
modular_arithmetic,RLT 6+2,600,1,0.18619791666666666,,1.611971230711788,0.18619791666666666
modular_arithmetic,RLT 6+2,700,1,0.1796875,,1.6166164570798476,0.1796875
modular_arithmetic,RLT 6+2,800,1,0.20833333333333334,,1.609625404079755,0.20833333333333334
modular_arithmetic,RLT 6+2,900,1,0.18880208333333334,,1.6203812137246132,0.18880208333333334
modular_arithmetic,RLT 6+2,1000,1,0.21223958333333334,,1.607386844387899,0.21223958333333334
modular_arithmetic,RLT 6+2,1100,1,0.18489583333333334,,1.6173881930299103,0.18489583333333334
modular_arithmetic,RLT 6+2,1200,1,0.21354166666666666,,1.60543159286802,0.21354166666666666
modular_arithmetic,RLT 6+2,1300,1,0.22005208333333334,,1.5978030160767958,0.22005208333333334
modular_arithmetic,RLT 6+2,1400,1,0.20442708333333334,,1.554995828390626,0.20442708333333334
modular_arithmetic,RLT 7+1,100,1,0.22395833333333334,,1.6487206565216184,0.22395833333333334
modular_arithmetic,RLT 7+1,200,1,0.18098958333333334,,1.653094553699096,0.18098958333333334
modular_arithmetic,RLT 7+1,300,1,0.18229166666666666,,1.6305207065306604,0.18229166666666666
modular_arithmetic,RLT 7+1,400,1,0.18359375,,1.6158777019008994,0.18359375
modular_arithmetic,RLT 7+1,500,1,0.19661458333333334,,1.629759262315929,0.19661458333333334
modular_arithmetic,RLT 7+1,600,1,0.17447916666666666,,1.6131924477716286,0.17447916666666666
modular_arithmetic,RLT 7+1,700,1,0.18619791666666666,,1.6193124366303284,0.18619791666666666
modular_arithmetic,RLT 7+1,800,1,0.22526041666666666,,1.6041569529722135,0.22526041666666666
modular_arithmetic,RLT 7+1,900,1,0.19010416666666666,,1.6282189274206758,0.19010416666666666
modular_arithmetic,RLT 7+1,1000,1,0.20963541666666666,,1.5947395213103543,0.20963541666666666
modular_arithmetic,RLT 7+1,1100,1,0.2669270833333333,,1.5474087156083745,0.2669270833333333
modular_arithmetic,RLT 7+1,1200,1,0.28515625,,1.5027186934075871,0.28515625
modular_arithmetic,RLT 7+1,1300,1,0.4270833333333333,,1.2325464919589042,0.4270833333333333
modular_arithmetic,RLT 7+1,1400,1,0.6223958333333334,,0.8634069356975639,0.6223958333333334
modular_arithmetic,RLT 7+1,1500,1,0.7864583333333334,,0.6341150757695194,0.7864583333333334
modular_arithmetic,RLT 7+1,1600,1,0.8307291666666666,,0.41884735047335653,0.8307291666666666
modular_arithmetic,RLT 7+1,1700,1,0.8880208333333334,,0.3150095688984038,0.8880208333333334
modular_arithmetic,RLT 7+1,1800,1,0.9192708333333334,,0.20490498729655826,0.9192708333333334
modular_arithmetic,RLT 7+1,1900,1,0.9388020833333334,,0.17477439246337192,0.9388020833333334
modular_arithmetic,RLT 7+1,2000,1,0.9544270833333334,,0.16435278705040446,0.9544270833333334
modular_arithmetic,RLT 8+0,100,1,0.19661458333333334,,1.6267069952252011,0.19661458333333334
modular_arithmetic,RLT 8+0,200,1,0.22135416666666666,,1.6111892312765121,0.22135416666666666
modular_arithmetic,RLT 8+0,300,1,0.21614583333333334,,1.6551502131236095,0.21614583333333334
modular_arithmetic,RLT 8+0,400,1,0.17317708333333334,,1.61601722969984,0.17317708333333334
modular_arithmetic,RLT 8+0,500,1,0.20442708333333334,,1.6419239250632625,0.20442708333333334
modular_arithmetic,RLT 8+0,600,1,0.18229166666666666,,1.6169112285909553,0.18229166666666666
modular_arithmetic,RLT 8+0,700,1,0.18359375,,1.6291740431915969,0.18359375
modular_arithmetic,RLT 8+0,800,1,0.21744791666666666,,1.6255563452735562,0.21744791666666666
modular_arithmetic,RLT 8+0,900,1,0.2838541666666667,,1.5213646914662036,0.2838541666666667
modular_arithmetic,RLT 8+0,1000,1,0.4934895833333333,,1.1558925709275154,0.4934895833333333
modular_arithmetic,RLT 8+0,1100,1,0.6419270833333334,,0.8370350825434798,0.6419270833333334
modular_arithmetic,RLT 8+0,1200,1,0.5533854166666666,,1.1302934205215724,0.5533854166666666
modular_arithmetic,RLT 8+0,1300,1,0.7291666666666666,,0.7085729148658597,0.7291666666666666
modular_arithmetic,RLT 8+0,1400,1,0.8046875,,0.4635142799497037,0.8046875
modular_arithmetic,RLT 8+0,1500,1,0.8502604166666666,,0.3704741633510533,0.8502604166666666
modular_arithmetic,RLT 8+0,1600,1,0.80078125,,0.4828633947287795,0.80078125
modular_arithmetic,RLT 8+0,1700,1,0.87109375,,0.3003651843937285,0.87109375
modular_arithmetic,RLT 8+0,1800,1,0.8854166666666666,,0.3051133698493911,0.8854166666666666
modular_arithmetic,RLT 8+0,1900,1,0.8997395833333334,,0.22223677255153884,0.8997395833333334
modular_arithmetic,RLT 8+0,2000,1,0.9088541666666666,,0.20456117120309028,0.9088541666666666
modular_arithmetic,Transformer 8,100,1,0.18098958333333334,,1.6905103844280045,0.18098958333333334
modular_arithmetic,Transformer 8,200,1,0.21875,,1.6248222324065864,0.21875
modular_arithmetic,Transformer 8,300,1,0.22395833333333334,,1.617692038572083,0.22395833333333334
modular_arithmetic,Transformer 8,400,1,0.22135416666666666,,1.6065536082411807,0.22135416666666666
modular_arithmetic,Transformer 8,500,1,0.19661458333333334,,1.6306626826214294,0.19661458333333334
modular_arithmetic,Transformer 8,600,1,0.20703125,,1.6170742735266685,0.20703125
modular_arithmetic,Transformer 8,700,1,0.1953125,,1.626208512422939,0.1953125
modular_arithmetic,Transformer 8,800,1,0.20703125,,1.610104350373149,0.20703125
modular_arithmetic,Transformer 8,900,1,0.19661458333333334,,1.6229487870198984,0.19661458333333334
modular_arithmetic,Transformer 8,1000,1,0.22135416666666666,,1.6108847572468221,0.22135416666666666
modular_arithmetic,Transformer 8,1100,1,0.16927083333333334,,1.611757473088801,0.16927083333333334
modular_arithmetic,Transformer 8,1200,1,0.22395833333333334,,1.6065556583926082,0.22395833333333334
modular_arithmetic,Transformer 8,1300,1,0.22005208333333334,,1.611973228553931,0.22005208333333334
modular_arithmetic,Transformer 8,1400,1,0.18359375,,1.6152141491572063,0.18359375
modular_arithmetic,Transformer 8,1500,1,0.19140625,,1.6125795681339998,0.19140625
modular_arithmetic,Transformer 8,1600,1,0.1875,,1.6127421896283824,0.1875
modular_arithmetic,Transformer 8,1700,1,0.19661458333333334,,1.6093372550482552,0.19661458333333334
modular_arithmetic,Transformer 8,1800,1,0.18880208333333334,,1.6104828297781448,0.18880208333333334
modular_arithmetic,Transformer 8,1900,1,0.19140625,,1.609758708315591,0.19140625
modular_arithmetic,Transformer 8,2000,1,0.20572916666666666,,1.608378136685739,0.20572916666666666
modular_arithmetic_brackets,RLT 4+4,100,1,0.24479166666666666,,1.5971771130111847,0.24479166666666666
modular_arithmetic_brackets,RLT 4+4,200,1,0.3046875,,1.5775385537126567,0.3046875
modular_arithmetic_brackets,RLT 4+4,300,1,0.265625,,1.545214443540317,0.265625
modular_arithmetic_brackets,RLT 4+4,400,1,0.2864583333333333,,1.5250955580431764,0.2864583333333333
modular_arithmetic_brackets,RLT 4+4,500,1,0.3059895833333333,,1.530380733257071,0.3059895833333333
modular_arithmetic_brackets,RLT 4+4,600,1,0.2994791666666667,,1.4928232725851462,0.2994791666666667
modular_arithmetic_brackets,RLT 4+4,700,1,0.2916666666666667,,1.4740129378687001,0.2916666666666667
modular_arithmetic_brackets,RLT 4+4,800,1,0.375,,1.4112357910115823,0.375
modular_arithmetic_brackets,RLT 5+3,100,1,0.2630208333333333,,1.5623254391466617,0.2630208333333333
modular_arithmetic_brackets,RLT 5+3,200,1,0.2916666666666667,,1.566791086162387,0.2916666666666667
modular_arithmetic_brackets,RLT 5+3,300,1,0.2877604166666667,,1.5095546195817822,0.2877604166666667
modular_arithmetic_brackets,RLT 5+3,400,1,0.2877604166666667,,1.5150644285958803,0.2877604166666667
modular_arithmetic_brackets,RLT 5+3,500,1,0.30078125,,1.4742948276581938,0.30078125
modular_arithmetic_brackets,RLT 5+3,600,1,0.3072916666666667,,1.4874014780782545,0.3072916666666667
modular_arithmetic_brackets,RLT 5+3,700,1,0.3541666666666667,,1.409484783299509,0.3541666666666667
modular_arithmetic_brackets,RLT 5+3,800,1,0.3671875,,1.3459149966426847,0.3671875
modular_arithmetic_brackets,RLT 5+3,900,1,0.4153645833333333,,1.2902354051762988,0.4153645833333333
modular_arithmetic_brackets,RLT 5+3,1000,1,0.4375,,1.2101586167212968,0.4375
modular_arithmetic_brackets,RLT 6+2,100,1,0.28125,,1.6326804330152906,0.28125
modular_arithmetic_brackets,RLT 6+2,200,1,0.2734375,,1.5474964612051707,0.2734375
modular_arithmetic_brackets,RLT 6+2,300,1,0.28125,,1.5508535018601985,0.28125
modular_arithmetic_brackets,RLT 6+2,400,1,0.29296875,,1.5144586415246384,0.29296875
modular_arithmetic_brackets,RLT 6+2,500,1,0.29296875,,1.4837510816914115,0.29296875
modular_arithmetic_brackets,RLT 6+2,600,1,0.3190104166666667,,1.495751599392628,0.3190104166666667
modular_arithmetic_brackets,RLT 6+2,700,1,0.3268229166666667,,1.4399642054698703,0.3268229166666667
modular_arithmetic_brackets,RLT 6+2,800,1,0.3671875,,1.3797168227622147,0.3671875
modular_arithmetic_brackets,RLT 6+2,900,1,0.3854166666666667,,1.3473590144174328,0.3854166666666667
modular_arithmetic_brackets,RLT 6+2,1000,1,0.3971354166666667,,1.298430505543041,0.3971354166666667
modular_arithmetic_brackets,RLT 6+2,1100,1,0.453125,,1.2207262175314593,0.453125
modular_arithmetic_brackets,RLT 6+2,1200,1,0.4947916666666667,,1.1532682663745202,0.4947916666666667
modular_arithmetic_brackets,RLT 6+2,1300,1,0.5416666666666666,,1.049260299212854,0.5416666666666666
modular_arithmetic_brackets,RLT 7+1,100,1,0.23697916666666666,,1.60517508955157,0.23697916666666666
modular_arithmetic_brackets,RLT 7+1,200,1,0.29296875,,1.5539260083040365,0.29296875
modular_arithmetic_brackets,RLT 7+1,300,1,0.2890625,,1.5418095163998562,0.2890625
modular_arithmetic_brackets,RLT 7+1,400,1,0.2838541666666667,,1.513025955371558,0.2838541666666667
modular_arithmetic_brackets,RLT 7+1,500,1,0.2877604166666667,,1.4862352722432093,0.2877604166666667
modular_arithmetic_brackets,RLT 7+1,600,1,0.3359375,,1.4542947381636775,0.3359375
modular_arithmetic_brackets,RLT 7+1,700,1,0.3450520833333333,,1.3931982960222165,0.3450520833333333
modular_arithmetic_brackets,RLT 7+1,800,1,0.4010416666666667,,1.3395036586036586,0.4010416666666667
modular_arithmetic_brackets,RLT 7+1,900,1,0.4348958333333333,,1.2416618033273323,0.4348958333333333
modular_arithmetic_brackets,RLT 7+1,1000,1,0.4856770833333333,,1.1924988357876742,0.4856770833333333
modular_arithmetic_brackets,RLT 7+1,1100,1,0.5416666666666666,,1.043837402887507,0.5416666666666666
modular_arithmetic_brackets,RLT 7+1,1200,1,0.60546875,,0.9636598133996905,0.60546875
modular_arithmetic_brackets,RLT 7+1,1300,1,0.66796875,,0.7901298815095016,0.66796875
modular_arithmetic_brackets,RLT 7+1,1400,1,0.6940104166666666,,0.7377198207223756,0.6940104166666666
modular_arithmetic_brackets,RLT 7+1,1500,1,0.7239583333333334,,0.6816408362277523,0.7239583333333334
modular_arithmetic_brackets,RLT 7+1,1600,1,0.7473958333333334,,0.6118266732296647,0.7473958333333334
modular_arithmetic_brackets,RLT 7+1,1700,1,0.7708333333333334,,0.5197739540494339,0.7708333333333334
modular_arithmetic_brackets,RLT 7+1,1800,1,0.76953125,,0.5021462029101281,0.76953125
modular_arithmetic_brackets,RLT 7+1,1900,1,0.7838541666666666,,0.5130784186663563,0.7838541666666666
modular_arithmetic_brackets,RLT 7+1,2000,1,0.7825520833333334,,0.4905467647586998,0.7825520833333334
modular_arithmetic_brackets,RLT 8+0,100,1,0.2799479166666667,,1.5631799242578381,0.2799479166666667
modular_arithmetic_brackets,RLT 8+0,200,1,0.2552083333333333,,1.5590485005061143,0.2552083333333333
modular_arithmetic_brackets,RLT 8+0,300,1,0.2994791666666667,,1.5276470088048768,0.2994791666666667
modular_arithmetic_brackets,RLT 8+0,400,1,0.30078125,,1.51630251211139,0.30078125
modular_arithmetic_brackets,RLT 8+0,500,1,0.2955729166666667,,1.4991653933658047,0.2955729166666667
modular_arithmetic_brackets,RLT 8+0,600,1,0.3307291666666667,,1.4873553440851452,0.3307291666666667
modular_arithmetic_brackets,RLT 8+0,700,1,0.32421875,,1.435209212219193,0.32421875
modular_arithmetic_brackets,RLT 8+0,800,1,0.3763020833333333,,1.352776073763953,0.3763020833333333
modular_arithmetic_brackets,RLT 8+0,900,1,0.3971354166666667,,1.2949884663986968,0.3971354166666667
modular_arithmetic_brackets,RLT 8+0,1000,1,0.4856770833333333,,1.1425062511984034,0.4856770833333333
modular_arithmetic_brackets,RLT 8+0,1100,1,0.5052083333333334,,1.1019493288785316,0.5052083333333334
modular_arithmetic_brackets,RLT 8+0,1200,1,0.5716145833333334,,0.9641729907767527,0.5716145833333334
modular_arithmetic_brackets,RLT 8+0,1300,1,0.6041666666666666,,0.8998471015282838,0.6041666666666666
modular_arithmetic_brackets,RLT 8+0,1400,1,0.6497395833333334,,0.7962749348455903,0.6497395833333334
modular_arithmetic_brackets,RLT 8+0,1500,1,0.6861979166666666,,0.7311636079519127,0.6861979166666666
modular_arithmetic_brackets,RLT 8+0,1600,1,0.7239583333333334,,0.6720785757979305,0.7239583333333334
modular_arithmetic_brackets,RLT 8+0,1700,1,0.7434895833333334,,0.5865331300140818,0.7434895833333334
modular_arithmetic_brackets,RLT 8+0,1800,1,0.7447916666666666,,0.5586689905573294,0.7447916666666666
modular_arithmetic_brackets,RLT 8+0,1900,1,0.7708333333333334,,0.5406492712455826,0.7708333333333334
modular_arithmetic_brackets,RLT 8+0,2000,1,0.7552083333333334,,0.5297181025127026,0.7552083333333334
modular_arithmetic_brackets,Transformer 8,100,1,0.24088541666666666,,1.5777000297429897,0.24088541666666666
modular_arithmetic_brackets,Transformer 8,200,1,0.2786458333333333,,1.5794686959139497,0.2786458333333333
modular_arithmetic_brackets,Transformer 8,300,1,0.29296875,,1.5351005203663324,0.29296875
modular_arithmetic_brackets,Transformer 8,400,1,0.2682291666666667,,1.5282981587589681,0.2682291666666667
modular_arithmetic_brackets,Transformer 8,500,1,0.2721354166666667,,1.493064359814961,0.2721354166666667
modular_arithmetic_brackets,Transformer 8,600,1,0.3177083333333333,,1.4710431117880063,0.3177083333333333
modular_arithmetic_brackets,Transformer 8,700,1,0.3203125,,1.4165823991975952,0.3203125
modular_arithmetic_brackets,Transformer 8,800,1,0.35546875,,1.3732380127383925,0.35546875
modular_arithmetic_brackets,Transformer 8,900,1,0.44140625,,1.2467421157825076,0.44140625
modular_arithmetic_brackets,Transformer 8,1000,1,0.4674479166666667,,1.1775620280078367,0.4674479166666667
modular_arithmetic_brackets,Transformer 8,1100,1,0.53515625,,1.0613782189640777,0.53515625
modular_arithmetic_brackets,Transformer 8,1200,1,0.58203125,,0.9579107447946976,0.58203125
modular_arithmetic_brackets,Transformer 8,1300,1,0.6614583333333334,,0.8114621037569035,0.6614583333333334
modular_arithmetic_brackets,Transformer 8,1400,1,0.6940104166666666,,0.7280688256722568,0.6940104166666666
modular_arithmetic_brackets,Transformer 8,1500,1,0.7096354166666666,,0.6527607427054442,0.7096354166666666
modular_arithmetic_brackets,Transformer 8,1600,1,0.75,,0.6196387382881431,0.75
modular_arithmetic_brackets,Transformer 8,1700,1,0.7669270833333334,,0.5687130443394519,0.7669270833333334
modular_arithmetic_brackets,Transformer 8,1800,1,0.7903645833333334,,0.5317734140680327,0.7903645833333334
modular_arithmetic_brackets,Transformer 8,1900,1,0.7916666666666666,,0.49971019127769783,0.7916666666666666
modular_arithmetic_brackets,Transformer 8,2000,1,0.7955729166666666,,0.5013222366550805,0.7955729166666666
state_tracking_s5_swaps,RLT 4+4,100,1,0,,4.120892913080752,0.1256103515625
state_tracking_s5_swaps,RLT 4+4,200,1,0.00390625,,3.693502303212881,0.1973876953125
state_tracking_s5_swaps,RLT 4+4,300,1,0.02734375,,2.95836310274899,0.3145751953125
state_tracking_s5_swaps,RLT 4+4,400,1,0.16796875,,1.4731901343911886,0.48876953125
state_tracking_s5_swaps,RLT 4+4,500,1,0.8828125,,0.17634957506379578,0.954833984375
state_tracking_s5_swaps,RLT 4+4,600,1,0.92578125,,0.1395417087005626,0.97119140625
state_tracking_s5_swaps,RLT 4+4,700,1,0.96484375,,0.062325232811417663,0.9884033203125
state_tracking_s5_swaps,RLT 4+4,800,1,0.9921875,,0.013948305792837346,0.9976806640625
state_tracking_s5_swaps,RLT 4+4,900,1,0.984375,,0.0452233993109985,0.992919921875
state_tracking_s5_swaps,RLT 4+4,1000,1,1,,0.0032583059341959597,1
state_tracking_s5_swaps,RLT 5+3,100,1,0.0078125,,4.123449896462262,0.128173828125
state_tracking_s5_swaps,RLT 5+3,200,1,0.00390625,,3.689418246038258,0.19677734375
state_tracking_s5_swaps,RLT 5+3,300,1,0.00390625,,2.7937191985547543,0.3653564453125
state_tracking_s5_swaps,RLT 5+3,400,1,0.1953125,,0.9910376521293074,0.718994140625
state_tracking_s5_swaps,RLT 5+3,500,1,0.83203125,,0.24973295820018393,0.936767578125
state_tracking_s5_swaps,RLT 5+3,600,1,0.91015625,,0.14019425544938713,0.9676513671875
state_tracking_s5_swaps,RLT 5+3,700,1,0.94140625,,0.07836794923059642,0.9835205078125
state_tracking_s5_swaps,RLT 5+3,800,1,0.9453125,,0.16535982642017188,0.972900390625
state_tracking_s5_swaps,RLT 5+3,900,1,0.9921875,,0.020814459438952326,0.9974365234375
state_tracking_s5_swaps,RLT 5+3,1000,1,0.99609375,,0.018201634311935777,0.998046875
state_tracking_s5_swaps,RLT 5+3,1100,1,0.99609375,,0.009443683029530803,0.9989013671875
state_tracking_s5_swaps,RLT 5+3,1200,1,0.99609375,,0.020433482619864662,0.9971923828125
state_tracking_s5_swaps,RLT 6+2,100,1,0.00390625,,4.108838053420186,0.12890625
state_tracking_s5_swaps,RLT 6+2,200,1,0.0078125,,3.6889996491372585,0.1951904296875
state_tracking_s5_swaps,RLT 6+2,300,1,0,,3.0364274503663182,0.3223876953125
state_tracking_s5_swaps,RLT 6+2,400,1,0.015625,,1.970783531665802,0.532958984375
state_tracking_s5_swaps,RLT 6+2,500,1,0.109375,,0.9011376946582459,0.7496337890625
state_tracking_s5_swaps,RLT 6+2,600,1,0.55078125,,0.3090929276168026,0.909423828125
state_tracking_s5_swaps,RLT 6+2,700,1,0.82421875,,0.1077710184345051,0.9713134765625
state_tracking_s5_swaps,RLT 6+2,800,1,0.90234375,,0.06312703926414542,0.9827880859375
state_tracking_s5_swaps,RLT 6+2,900,1,0.93359375,,0.07418598123922493,0.9844970703125
state_tracking_s5_swaps,RLT 6+2,1000,1,0.95703125,,0.03836326219743569,0.9908447265625
state_tracking_s5_swaps,RLT 6+2,1100,1,0.97265625,,0.0328646386174114,0.9921875
state_tracking_s5_swaps,RLT 6+2,1200,1,0.984375,,0.012965192320507413,0.996826171875
state_tracking_s5_swaps,RLT 6+2,1300,1,0.9921875,,0.018384386720754264,0.9970703125
state_tracking_s5_swaps,RLT 6+2,1400,1,0.99609375,,0.004276467148201846,0.9993896484375
state_tracking_s5_swaps,RLT 6+2,1500,1,0.9921875,,0.0031298497698344363,0.9991455078125
state_tracking_s5_swaps,RLT 6+2,1600,1,1,,0.0008401700138165324,1
state_tracking_s5_swaps,RLT 6+2,1700,1,1,,0.0004319687234897174,1
state_tracking_s5_swaps,RLT 7+1,100,1,0.00390625,,4.113026798702776,0.1273193359375
state_tracking_s5_swaps,RLT 7+1,200,1,0.00390625,,3.677931871265173,0.198974609375
state_tracking_s5_swaps,RLT 7+1,300,1,0.0078125,,3.064881951548159,0.3084716796875
state_tracking_s5_swaps,RLT 7+1,400,1,0.0078125,,2.2897326010279357,0.4652099609375
state_tracking_s5_swaps,RLT 7+1,500,1,0.0078125,,1.475193568971008,0.624755859375
state_tracking_s5_swaps,RLT 7+1,600,1,0.2109375,,0.5992673329747049,0.8214111328125
state_tracking_s5_swaps,RLT 7+1,700,1,0.50390625,,0.25488631844655174,0.9205322265625
state_tracking_s5_swaps,RLT 7+1,800,1,0.71484375,,0.1354605287567665,0.9552001953125
state_tracking_s5_swaps,RLT 7+1,900,1,0.82421875,,0.0689499269077487,0.9801025390625
state_tracking_s5_swaps,RLT 7+1,1000,1,0.8984375,,0.040804495705856425,0.9873046875
state_tracking_s5_swaps,RLT 7+1,1100,1,0.953125,,0.02056872678485888,0.993896484375
state_tracking_s5_swaps,RLT 7+1,1200,1,0.9609375,,0.01222151243183589,0.9970703125
state_tracking_s5_swaps,RLT 7+1,1300,1,0.95703125,,0.016464467825244355,0.9954833984375
state_tracking_s5_swaps,RLT 7+1,1400,1,0.96875,,0.009218893202557865,0.9969482421875
state_tracking_s5_swaps,RLT 7+1,1500,1,0.9921875,,0.003571683724516106,0.9993896484375
state_tracking_s5_swaps,RLT 7+1,1600,1,0.984375,,0.00244867002388105,0.9991455078125
state_tracking_s5_swaps,RLT 7+1,1700,1,1,,0.001435844170273981,0.99951171875
state_tracking_s5_swaps,RLT 7+1,1800,1,1,,0.0011347977979880852,0.9998779296875
state_tracking_s5_swaps,RLT 7+1,1900,1,1,,0.0006724537923474827,0.9998779296875
state_tracking_s5_swaps,RLT 7+1,2000,1,1,,0.0007136758134862475,1
state_tracking_s5_swaps,RLT 8+0,100,1,0,,4.109118170104921,0.130615234375
state_tracking_s5_swaps,RLT 8+0,200,1,0.00390625,,3.672412105835974,0.19580078125
state_tracking_s5_swaps,RLT 8+0,300,1,0.0078125,,3.033839797601104,0.315185546875
state_tracking_s5_swaps,RLT 8+0,400,1,0.00390625,,2.241997488308698,0.4697265625
state_tracking_s5_swaps,RLT 8+0,500,1,0.02734375,,1.2991745207691565,0.66162109375
state_tracking_s5_swaps,RLT 8+0,600,1,0.22265625,,0.5590544755687006,0.8358154296875
state_tracking_s5_swaps,RLT 8+0,700,1,0.4609375,,0.2711947318134662,0.9169921875
state_tracking_s5_swaps,RLT 8+0,800,1,0.69140625,,0.13706185581042973,0.9576416015625
state_tracking_s5_swaps,RLT 8+0,900,1,0.83203125,,0.06170453099025508,0.9810791015625
state_tracking_s5_swaps,RLT 8+0,1000,1,0.86328125,,0.045865781548741325,0.986572265625
state_tracking_s5_swaps,RLT 8+0,1100,1,0.890625,,0.03509476155198854,0.98876953125
state_tracking_s5_swaps,RLT 8+0,1200,1,0.9296875,,0.01695913578436148,0.994384765625
state_tracking_s5_swaps,RLT 8+0,1300,1,0.98046875,,0.008019928840070634,0.998046875
state_tracking_s5_swaps,RLT 8+0,1400,1,0.96875,,0.0076263988941178695,0.9979248046875
state_tracking_s5_swaps,RLT 8+0,1500,1,0.9765625,,0.006955718134051381,0.9981689453125
state_tracking_s5_swaps,RLT 8+0,1600,1,0.98046875,,0.003658083137068502,0.9991455078125
state_tracking_s5_swaps,RLT 8+0,1700,1,0.98828125,,0.0028436381020497947,0.9990234375
state_tracking_s5_swaps,RLT 8+0,1800,1,0.98828125,,0.0015976367886381126,0.9991455078125
state_tracking_s5_swaps,RLT 8+0,1900,1,0.98828125,,0.0019228830677135988,0.9990234375
state_tracking_s5_swaps,RLT 8+0,2000,1,1,,0.0011749598074572987,0.999755859375
state_tracking_s5_swaps,Transformer 8,100,1,0.00390625,,4.056574858725071,0.1331787109375
state_tracking_s5_swaps,Transformer 8,200,1,0,,3.5117535879835486,0.2279052734375
state_tracking_s5_swaps,Transformer 8,300,1,0.015625,,2.675865793135017,0.38818359375
state_tracking_s5_swaps,Transformer 8,400,1,0.01953125,,1.763452866813168,0.5704345703125
state_tracking_s5_swaps,Transformer 8,500,1,0.078125,,0.9204068246472161,0.744384765625
state_tracking_s5_swaps,Transformer 8,600,1,0.37109375,,0.3612944822771169,0.880859375
state_tracking_s5_swaps,Transformer 8,700,1,0.73046875,,0.1333775591253925,0.9588623046875
state_tracking_s5_swaps,Transformer 8,800,1,0.83984375,,0.0632374131216693,0.9814453125
state_tracking_s5_swaps,Transformer 8,900,1,0.91015625,,0.05009750189674378,0.9857177734375
state_tracking_s5_swaps,Transformer 8,1000,1,0.8984375,,0.03401238660347872,0.987548828125
state_tracking_s5_swaps,Transformer 8,1100,1,0.9296875,,0.023748510383001076,0.9920654296875
state_tracking_s5_swaps,Transformer 8,1200,1,0.94921875,,0.01357092437407914,0.99560546875
state_tracking_s5_swaps,Transformer 8,1300,1,0.9765625,,0.01380559618884547,0.9967041015625
state_tracking_s5_swaps,Transformer 8,1400,1,0.98046875,,0.004902757501611177,0.998779296875
state_tracking_s5_swaps,Transformer 8,1500,1,0.97265625,,0.008742784226953404,0.9970703125
state_tracking_s5_swaps,Transformer 8,1600,1,0.98828125,,0.005000404405592462,0.9986572265625
state_tracking_s5_swaps,Transformer 8,1700,1,0.984375,,0.003234466484535403,0.9990234375
state_tracking_s5_swaps,Transformer 8,1800,1,0.9921875,,0.0012641631575078804,0.999755859375
state_tracking_s5_swaps,Transformer 8,1900,1,0.9921875,,0.0020154887357080042,0.9996337890625
state_tracking_s5_swaps,Transformer 8,2000,1,0.9921875,,0.0011831765486647328,0.99951171875
state_tracking_s5,RLT 4+4,100,1,0,,4.642327940091491,0.039306640625
state_tracking_s5,RLT 4+4,200,1,0.00390625,,4.639344055205584,0.0384521484375
state_tracking_s5,RLT 4+4,300,1,0.00390625,,4.639723509550095,0.0400390625
state_tracking_s5,RLT 4+4,400,1,0.00390625,,4.639069380238652,0.0401611328125
state_tracking_s5,RLT 4+4,500,1,0.0078125,,4.6405390705913305,0.04052734375
state_tracking_s5,RLT 4+4,600,1,0.0078125,,4.638667579740286,0.0390625
state_tracking_s5,RLT 4+4,700,1,0.0078125,,4.636990798637271,0.041259765625
state_tracking_s5,RLT 4+4,800,1,0,,4.638185255229473,0.039306640625
state_tracking_s5,RLT 4+4,900,1,0.0078125,,4.636096419766545,0.04052734375
state_tracking_s5,RLT 4+4,1000,1,0.01171875,,4.636431183665991,0.0399169921875
state_tracking_s5,RLT 5+3,100,1,0,,4.643296265974641,0.038818359375
state_tracking_s5,RLT 5+3,200,1,0.01171875,,4.640178637579083,0.041015625
state_tracking_s5,RLT 5+3,300,1,0.01171875,,4.639493698254228,0.0399169921875
state_tracking_s5,RLT 5+3,400,1,0.00390625,,4.638586573302746,0.038330078125
state_tracking_s5,RLT 5+3,500,1,0.015625,,4.638874523341656,0.039794921875
state_tracking_s5,RLT 5+3,600,1,0.01171875,,4.582963582128286,0.046142578125
state_tracking_s5,RLT 5+3,700,1,0.0078125,,4.0993074439466,0.0614013671875
state_tracking_s5,RLT 5+3,800,1,0.01171875,,3.9128504134714603,0.0677490234375
state_tracking_s5,RLT 5+3,900,1,0.00390625,,3.8641246240586042,0.074951171875
state_tracking_s5,RLT 5+3,1000,1,0.03515625,,3.868018079549074,0.0782470703125
state_tracking_s5,RLT 5+3,1100,1,0.0078125,,3.867014003917575,0.076416015625
state_tracking_s5,RLT 5+3,1200,1,0.00390625,,3.840221343562007,0.0775146484375
state_tracking_s5,RLT 6+2,100,1,0.00390625,,4.643379459157586,0.039794921875
state_tracking_s5,RLT 6+2,200,1,0.00390625,,4.642068214714527,0.0399169921875
state_tracking_s5,RLT 6+2,300,1,0.015625,,4.6400414649397135,0.04150390625
state_tracking_s5,RLT 6+2,400,1,0.00390625,,4.636810287833214,0.03857421875
state_tracking_s5,RLT 6+2,500,1,0.01171875,,4.548242023214698,0.0557861328125
state_tracking_s5,RLT 6+2,600,1,0.01171875,,4.04257383197546,0.0660400390625
state_tracking_s5,RLT 6+2,700,1,0.01953125,,3.968250708654523,0.0631103515625
state_tracking_s5,RLT 6+2,800,1,0.01171875,,3.9005711218342185,0.0723876953125
state_tracking_s5,RLT 6+2,900,1,0.0078125,,3.8716302486136556,0.0777587890625
state_tracking_s5,RLT 6+2,1000,1,0.01953125,,3.849061635322869,0.0765380859375
state_tracking_s5,RLT 6+2,1100,1,0.01953125,,3.897433551028371,0.0771484375
state_tracking_s5,RLT 6+2,1200,1,0.00390625,,3.8830554829910398,0.077880859375
state_tracking_s5,RLT 6+2,1300,1,0.015625,,3.8497325805947185,0.0792236328125
state_tracking_s5,RLT 6+2,1400,1,0.00390625,,3.83703947160393,0.0777587890625
state_tracking_s5,RLT 6+2,1500,1,0.01171875,,3.8356584012508392,0.078125
state_tracking_s5,RLT 6+2,1600,1,0.015625,,3.8346118200570345,0.079833984375
state_tracking_s5,RLT 7+1,100,1,0.0078125,,4.641575161367655,0.0389404296875
state_tracking_s5,RLT 7+1,200,1,0.01171875,,4.640213709324598,0.03955078125
state_tracking_s5,RLT 7+1,300,1,0,,4.6378535106778145,0.038818359375
state_tracking_s5,RLT 7+1,400,1,0.00390625,,4.638411406427622,0.039306640625
state_tracking_s5,RLT 7+1,500,1,0.00390625,,4.640080356970429,0.0390625
state_tracking_s5,RLT 7+1,600,1,0,,4.636214762926102,0.040283203125
state_tracking_s5,RLT 7+1,700,1,0.01171875,,4.630907805636525,0.04052734375
state_tracking_s5,RLT 7+1,800,1,0.0078125,,4.582086419686675,0.0521240234375
state_tracking_s5,RLT 7+1,900,1,0.00390625,,4.510332638397813,0.0650634765625
state_tracking_s5,RLT 7+1,1000,1,0.015625,,4.490331780165434,0.070556640625
state_tracking_s5,RLT 7+1,1100,1,0,,4.4857896491885185,0.0699462890625
state_tracking_s5,RLT 7+1,1200,1,0,,4.486276498064399,0.0697021484375
state_tracking_s5,RLT 7+1,1300,1,0.015625,,4.47282419167459,0.0711669921875
state_tracking_s5,RLT 7+1,1400,1,0.01171875,,4.403116870671511,0.0738525390625
state_tracking_s5,RLT 7+1,1500,1,0.01171875,,4.298556776717305,0.0733642578125
state_tracking_s5,RLT 7+1,1600,1,0.02734375,,3.8662850251421332,0.076904296875
state_tracking_s5,RLT 7+1,1700,1,0.03125,,3.8580128476023674,0.0809326171875
state_tracking_s5,RLT 7+1,1800,1,0.015625,,3.8419531602412462,0.080810546875
state_tracking_s5,RLT 7+1,1900,1,0.01953125,,3.8417561212554574,0.0791015625
state_tracking_s5,RLT 7+1,2000,1,0.01953125,,3.83951448649168,0.07861328125
state_tracking_s5,RLT 8+0,100,1,0,,4.642331143841147,0.0401611328125
state_tracking_s5,RLT 8+0,200,1,0.00390625,,4.639860393479466,0.039794921875
state_tracking_s5,RLT 8+0,300,1,0.01953125,,4.638513313606381,0.0406494140625
state_tracking_s5,RLT 8+0,400,1,0.01171875,,4.638715900480747,0.04052734375
state_tracking_s5,RLT 8+0,500,1,0.00390625,,4.639018068090081,0.0401611328125
state_tracking_s5,RLT 8+0,600,1,0.00390625,,4.641073286533356,0.0384521484375
state_tracking_s5,RLT 8+0,700,1,0.01171875,,4.6366028767079115,0.0406494140625
state_tracking_s5,RLT 8+0,800,1,0.0078125,,4.635553678497672,0.041748046875
state_tracking_s5,RLT 8+0,900,1,0.01171875,,4.6337518114596605,0.041748046875
state_tracking_s5,RLT 8+0,1000,1,0.01171875,,4.620706990361214,0.041748046875
state_tracking_s5,RLT 8+0,1100,1,0.0078125,,4.520598692819476,0.0421142578125
state_tracking_s5,RLT 8+0,1200,1,0.01171875,,4.405785700306296,0.0455322265625
state_tracking_s5,RLT 8+0,1300,1,0.0078125,,4.32906205765903,0.049072265625
state_tracking_s5,RLT 8+0,1400,1,0.01171875,,4.275645488873124,0.052734375
state_tracking_s5,RLT 8+0,1500,1,0.00390625,,4.172989482991397,0.0555419921875
state_tracking_s5,RLT 8+0,1600,1,0.0078125,,4.114351670257747,0.0584716796875
state_tracking_s5,RLT 8+0,1700,1,0.0078125,,4.051075481809676,0.05859375
state_tracking_s5,RLT 8+0,1800,1,0.015625,,4.02571742516011,0.0594482421875
state_tracking_s5,RLT 8+0,1900,1,0.0234375,,4.002187497913837,0.0623779296875
state_tracking_s5,RLT 8+0,2000,1,0.015625,,3.988672357983887,0.064208984375
state_tracking_s5,Transformer 8,100,1,0.00390625,,4.643883822485805,0.0390625
state_tracking_s5,Transformer 8,200,1,0.01171875,,4.638100415468216,0.0399169921875
state_tracking_s5,Transformer 8,300,1,0.01171875,,4.640070578083396,0.0406494140625
state_tracking_s5,Transformer 8,400,1,0.00390625,,4.639608597382903,0.0391845703125
state_tracking_s5,Transformer 8,500,1,0.0078125,,4.640041684731841,0.040283203125
state_tracking_s5,Transformer 8,600,1,0,,4.639227319508791,0.03955078125
state_tracking_s5,Transformer 8,700,1,0.0078125,,4.6355047561228275,0.0404052734375
state_tracking_s5,Transformer 8,800,1,0,,4.63971739448607,0.039794921875
state_tracking_s5,Transformer 8,900,1,0.0078125,,4.635218266397715,0.0416259765625
state_tracking_s5,Transformer 8,1000,1,0.01171875,,4.6368140541017056,0.0400390625
state_tracking_s5,Transformer 8,1100,1,0.0078125,,4.635304305702448,0.0400390625
state_tracking_s5,Transformer 8,1200,1,0.0078125,,4.634803660213947,0.039306640625
state_tracking_s5,Transformer 8,1300,1,0.015625,,4.632956752553582,0.041748046875
state_tracking_s5,Transformer 8,1400,1,0,,4.6354965679347515,0.0390625
state_tracking_s5,Transformer 8,1500,1,0.0078125,,4.632722733542323,0.040771484375
state_tracking_s5,Transformer 8,1600,1,0.0078125,,4.632826294749975,0.0408935546875
state_tracking_s5,Transformer 8,1700,1,0.0078125,,4.63236322067678,0.0394287109375
state_tracking_s5,Transformer 8,1800,1,0.015625,,4.631519451737404,0.041748046875
state_tracking_s5,Transformer 8,1900,1,0.0078125,,4.631290249526501,0.041015625
state_tracking_s5,Transformer 8,2000,1,0.00390625,,4.630788518115878,0.0413818359375
