task,model,step,n_seeds,accuracy_mean,accuracy_sd,loss_mean,token_accuracy_mean,training_examples
addition,RLT 4+4,1000,1,1,,0.000365606482658265,1,512000
addition,RLT 5+3,1000,1,0.984375,,0.006930571068076041,0.9984051036682615,512000
addition,RLT 6+2,1000,1,1,,0.00020957216500150366,1,512000
addition,RLT 7+1,1000,1,1,,3.971800515589763e-05,1,512000
addition,RLT 8+0,1000,1,1,,2.398407752668419e-05,1,512000
addition,Transformer 8,1000,1,1,,0.0002010622322599076,1,512000
parity,RLT 4+4,500,3,0.8328993055555556,0.2894268927578202,0.23507606487777036,0.8328993055555556,256000
parity,RLT 5+3,500,3,0.8350694444444444,0.2800488351691036,0.2457997671413572,0.8350694444444444,256000
parity,RLT 6+2,500,3,0.9943576388888888,0.00977285611909525,0.03876614808520035,0.9943576388888888,256000
parity,RLT 7+1,500,3,0.8276909722222222,0.2984479907139081,0.23994914869691078,0.8276909722222222,256000
parity,RLT 8+0,500,3,0.4869791666666667,0.026009094212810127,0.6969852779422783,0.4869791666666667,256000
parity,Transformer 8,500,3,0.4848090277777778,0.005262307141051298,0.6998071506645324,0.4848090277777778,256000
modular_arithmetic,RLT 4+4,800,1,0.22395833333333334,,1.6040758001618087,0.22395833333333334,409600
modular_arithmetic,RLT 5+3,800,1,0.21744791666666666,,1.6119780169489484,0.21744791666666666,409600
modular_arithmetic,RLT 6+2,800,1,0.20833333333333334,,1.609625404079755,0.20833333333333334,409600
modular_arithmetic,RLT 7+1,800,1,0.22526041666666666,,1.6041569529722135,0.22526041666666666,409600
modular_arithmetic,RLT 8+0,800,1,0.21744791666666666,,1.6255563452735562,0.21744791666666666,409600
modular_arithmetic,Transformer 8,800,1,0.20703125,,1.610104350373149,0.20703125,409600
modular_arithmetic_brackets,RLT 4+4,800,1,0.375,,1.4112357910115823,0.375,409600
modular_arithmetic_brackets,RLT 5+3,800,1,0.3671875,,1.3459149966426847,0.3671875,409600
modular_arithmetic_brackets,RLT 6+2,800,1,0.3671875,,1.3797168227622147,0.3671875,409600
modular_arithmetic_brackets,RLT 7+1,800,1,0.4010416666666667,,1.3395036586036586,0.4010416666666667,409600
modular_arithmetic_brackets,RLT 8+0,800,1,0.3763020833333333,,1.352776073763953,0.3763020833333333,409600
modular_arithmetic_brackets,Transformer 8,800,1,0.35546875,,1.3732380127383925,0.35546875,409600
state_tracking_s5_swaps,RLT 4+4,1000,1,1,,0.0032583059341959597,1,512000
state_tracking_s5_swaps,RLT 5+3,1000,1,0.99609375,,0.018201634311935777,0.998046875,512000
state_tracking_s5_swaps,RLT 6+2,1000,1,0.95703125,,0.03836326219743569,0.9908447265625,512000
state_tracking_s5_swaps,RLT 7+1,1000,1,0.8984375,,0.040804495705856425,0.9873046875,512000
state_tracking_s5_swaps,RLT 8+0,1000,1,0.86328125,,0.045865781548741325,0.986572265625,512000
state_tracking_s5_swaps,Transformer 8,1000,1,0.8984375,,0.03401238660347872,0.987548828125,512000
state_tracking_s5,RLT 4+4,1000,1,0.01171875,,4.636431183665991,0.0399169921875,512000
state_tracking_s5,RLT 5+3,1000,1,0.03515625,,3.868018079549074,0.0782470703125,512000
state_tracking_s5,RLT 6+2,1000,1,0.01953125,,3.849061635322869,0.0765380859375,512000
state_tracking_s5,RLT 7+1,1000,1,0.015625,,4.490331780165434,0.070556640625,512000
state_tracking_s5,RLT 8+0,1000,1,0.01171875,,4.620706990361214,0.041748046875,512000
state_tracking_s5,Transformer 8,1000,1,0.01171875,,4.6368140541017056,0.0400390625,512000
